FirstName,LastName,PhoneNumber,Email
John,Doe,+919876543210,johndoe@example.com
Emma,Smith,+918765432109,emmasmith@example.com
Michael,Johnson,+917654321098,michaeljohnson@example.com
Sophia,Williams,+916543210987,sophiawilliams@example.com
William,Brown,+915432109876,williambrown@example.com
Olivia,Jones,+914321098765,oliviajones@example.com
James,Taylor,+913210987654,jamestaylor@example.com
Ava,Lee,+912109876543,avalee@example.com
Alexander,Davis,+911098765432,alexanderdavis@example.com
Mia,Miller,+910987654321,miamiller@example.com
Benjamin,Clark,+919865432109,benjaminclark@example.com
Charlotte,Rodriguez,+918754321098,charlotterodriguez@example.com
Henry,Martinez,+917643210987,henrymartinez@example.com
Elizabeth,Lopez,+916532109876,elizabethlopez@example.com
Sebastian,Hall,+915421098765,sebastianhall@example.com
Amelia,Young,+914310987654,ameliayoung@example.com
Daniel,Hernandez,+913210987653,danielhernandez@example.com
Emily,King,+912098765432,emilyking@example.com
David,Wright,+910987654321,davidwright@example.com
Sofia,Lewis,+919876543221,sofialewis@example.com
Joseph,Hill,+918765432210,josephhill@example.com
Victoria,Scott,+917654321109,victoriascott@example.com
Camila,Green,+916543210987,camilagreen@example.com
Charles,Adams,+915432109876,charlesadams@example.com
Grace,Baker,+914321098765,gracebaker@example.com
Scarlett,Gonzalez,+913210987654,scarlettgonzalez@example.com
Anna,Nelson,+912109876543,annelson@example.com
Jack,Carter,+911098765432,jackcarter@example.com
Ruby,Morris,+910987654321,rubymorris@example.com
Luke,Ramirez,+919865432110,lukeramirez@example.com
Isabella,Kelly,+918754321099,isabellakelly@example.com
Julian,Reed,+917643210988,julianreed@example.com
Liam,Cook,+916532109877,liamcook@example.com
Nora,Price,+915421098766,noraprice@example.com
Caleb,Ward,+914310987655,calebward@example.com
Carter,Bell,+913210987654,carterbell@example.com
Chloe,Richardson,+912098765433,chloerichardson@example.com
Ella,Coleman,+910987654322,ellacoleman@example.com
Zoey,King,+919876543222,zoeyking@example.com
Wyatt,Hill,+918765432211,wyatthill@example.com
Lily,Scott,+917654321110,lilyscott@example.com
Riley,Green,+916543210988,rileygreen@example.com
Jacob,Adams,+915432109877,jacobadams@example.com
Landon,Baker,+914321098766,landonbaker@example.com
Gabriel,Gonzalez,+913210987655,gabrielgonzalez@example.com
Skyler,Nelson,+912109876544,skylernelson@example.com
Leah,Carter,+911098765433,leahcarter@example.com
Hailey,Morris,+910987654322,haileymorris@example.com
Julian,Ramirez,+919865432111,julianramirez@example.com
Mila,Kelly,+918754321100,milakelly@example.com
Elijah,Reed,+917643210989,elijahreed@example.com
Oliver,Cook,+916532109878,olivercook@example.com
Elizabeth,Ward,+915421098767,elizabethward@example.com
Madison,Bell,+914310987656,madisonbell@example.com
Lincoln,Richardson,+913210987655,lincolnrichardson@example.com
Ethan,Coleman,+912098765434,ethancoleman@example.com
Emily,Johnson,+910987654322,emilyjohnson@example.com
Abigail,King,+919876543223,abigailking@example.com
Michael,Hill,+918765432212,michaelhill@example.com
Emma,Scott,+917654321111,emmascott@example.com
Sophia,Green,+916543210989,sophiagreen@example.com
William,Adams,+915432109878,williamadams@example.com
Olivia,Baker,+914321098767,oliviabaker@example.com
James,Gonzalez,+913210987656,jamesgonzalez@example.com
Ava,Nelson,+912109876545,avanelson@example.com
Alexander,Carter,+911098765434,alexandercarter@example.com
Mia,Morris,+910987654323,miamorris@example.com
Benjamin,Ramirez,+919865432112,benjaminramirez@example.com
Charlotte,Kelly,+918754321101,charlottekelly@example.com
Henry,Reed,+917643210990,henryreed@example.com
Elizabeth,Cook,+916532109879,elizabethcook@example.com
Sebastian,Ward,+915421098768,sebastianward@example.com
Amelia,Bell,+914310987657,ameliabell@example.com
Noah,Wilson,+913210987656,noahwilson@example.com
Sophia,Cook,+912098765435,sophiacook@example.com
Riley,Ward,+911098765434,rileyward@example.com
Emma,Bell,+910987654323,emmabell@example.com
Liam,Richardson,+919876543224,liamrichardson@example.com
Ava,Coleman,+918765432213,avacoleman@example.com
Jackson,Gonzalez,+917654321112,jacksongonzalez@example.com
Isabella,Nelson,+916543210990,isabellanelson@example.com
Lucas,Carter,+915432109879,lucascarter@example.com
Olivia,Morris,+914321098768,oliviamorris@example.com
Aiden,Ramirez,+913210987657,aidenramirez@example.com
Madison,Kelly,+912109876546,madisonkelly@example.com
Mason,Reed,+911098765435,masonreed@example.com
Abigail,Cook,+910987654324,abigailcook@example.com
Elijah,Ward,+919865432113,elijahward@example.com
Charlotte,Bell,+918754321102,charlottebell@example.com
Landon,Richardson,+917643210991,landonrichardson@example.com
Harper,Coleman,+916532109880,harpercoleman@example.com
Mia,Gonzalez,+915421098769,miagonzalez@example.com
Carter,Nelson,+914310987658,carternelson@example.com
Elizabeth,Carter,+913210987657,elizabethcarter@example.com
Michael,Morris,+912098765436,michaelmorris@example.com
Evelyn,Ramirez,+910987654325,evelynramirez@example.com
James,Kelly,+919876543225,jameskelly@example.com
Harper,Reed,+918765432214,harperreed@example.com
Daniel,Cook,+917654321113,danielcook@example.com
Avery,Ward,+916543210991,averyward@example.com
Sofia,Bell,+915432109880,sofiabell@example.com
Benjamin,Richardson,+914321098769,benjaminrichardson@example.com
Emily,Coleman,+913210987658,emilycoleman@example.com
Charlotte,Gonzalez,+912109876547,charlottegonzalez@example.com
Zoe,Nelson,+911098765436,zoenelson@example.com
Ethan,Carter,+910987654325,ethancarter@example.com
Ava,Gonzalez,+919876543226,avagonzalez@example.com
Leo,Reed,+918754321103,leoreed@example.com
Isabella,Morris,+917643210992,isabellamorris@example.com
Mason,Kelly,+916532109881,masonkelly@example.com
David,Ward,+915421098770,davidward@example.com
Sophie,Richardson,+914310987659,sophierichardson@example.com
Liam,Coleman,+913210987658,liamcoleman@example.com
Grace,Bell,+912098765437,gracebell@example.com
Noah,Gonzalez,+910987654326,noahgonzalez@example.com
Emma,Nelson,+919876543227,emmanelson@example.com
Aiden,Reed,+918765432216,aidenreed@example.com
Lucas,Cook,+917654321115,lucascook@example.com
Chloe,Ward,+916543210993,chloeward@example.com
Oliver,Richardson,+915432109882,oliverrichardson@example.com
Mia,Coleman,+914321098771,miacoleman@example.com
Sophia,Gonzalez,+913210987660,sophiagonzalez@example.com
Elijah,Kelly,+912109876548,elijahkelly@example.com
Liam,Morris,+911098765437,liammorris@example.com
Avery,Reed,+910987654326,averyreed@example.com
Grace,Nelson,+919876543228,gracenelson@example.com
Ava,Cook,+918754321104,avacook@example.com
Oliver,Ward,+917643210993,oliverward@example.com
Harper,Richardson,+916532109882,harperrichardson@example.com
Lucas,Bell,+915421098771,lucasbell@example.com
Zoe,Coleman,+914310987660,zoecoleman@example.com
Mason,Gonzalez,+913210987659,masongonzalez@example.com
Sofia,Nelson,+912098765438,sofianelson@example.com
David,Reed,+911098765437,davidreed@example.com
Emily,Kelly,+910987654326,emilykelly@example.com